Folder,Sample,Channel,Background_Value
a,UO1,FSC-A,487046.90625
a,UO1,FSC-H,475686.8125
a,UO1,FSC-Width,1008.9816284179688
a,UO1,SSC-A,188208.09375
a,UO1,SSC-H,170992.0
a,UO1,B610-A,1062.800048828125
a,UO1,B610-H,1099.4000244140625
a,UO1,B690-A,180.8000030517578
a,UO1,B690-H,284.20001220703125
a,UO1,Y585-A,1363.5999755859375
a,UO1,Y585-H,1837.4000244140625
a,UO1,Y610-A,42.70000076293945
a,UO1,Y610-H,357.3999938964844
a,UO1,Y675-A,39.599998474121094
a,UO1,Y675-H,247.6999969482422
a,UO1,Y710-A,34.099998474121094
a,UO1,Y710-H,242.6999969482422
a,UO1,Y763-A,25.799999237060547
a,UO1,Y763-H,238.60000610351562
a,UO1,R660-A,31.200000762939453
a,UO1,R660-H,235.5
a,UO1,R712-A,40.099998474121094
a,UO1,R712-H,235.6999969482422
a,UO1,R763-A,5.099999904632568
a,UO1,R763-H,404.3999938964844
a,UO1,V450-A,1271.4000244140625
a,UO1,V450-H,1657.699951171875
a,UO1,V525-A,313.3999938964844
a,UO1,V525-H,490.3999938964844
a,UO1,V610-A,336.79998779296875
a,UO1,V610-H,521.4000244140625
a,UO1,V660-A,84.9000015258789
a,UO1,V660-H,226.10000610351562
a,UO1,V763-A,129.39999389648438
a,UO1,V763-H,340.3999938964844
a,UO1,B525-A,1518.199951171875
a,UO1,B525-H,1545.9000244140625
a,UO1,Time,188626.0
a,UO5,FSC-A,487046.90625
a,UO5,FSC-H,475686.8125
a,UO5,FSC-Width,1008.9816284179688
a,UO5,SSC-A,188208.09375
a,UO5,SSC-H,170992.0
a,UO5,B610-A,1062.800048828125
a,UO5,B610-H,1099.4000244140625
a,UO5,B690-A,180.8000030517578
a,UO5,B690-H,284.20001220703125
a,UO5,Y585-A,1363.5999755859375
a,UO5,Y585-H,1837.4000244140625
a,UO5,Y610-A,42.70000076293945
a,UO5,Y610-H,357.3999938964844
a,UO5,Y675-A,39.599998474121094
a,UO5,Y675-H,247.6999969482422
a,UO5,Y710-A,34.099998474121094
a,UO5,Y710-H,242.6999969482422
a,UO5,Y763-A,25.799999237060547
a,UO5,Y763-H,238.60000610351562
a,UO5,R660-A,31.200000762939453
a,UO5,R660-H,235.5
a,UO5,R712-A,40.099998474121094
a,UO5,R712-H,235.6999969482422
a,UO5,R763-A,5.099999904632568
a,UO5,R763-H,404.3999938964844
a,UO5,V450-A,1271.4000244140625
a,UO5,V450-H,1657.699951171875
a,UO5,V525-A,313.3999938964844
a,UO5,V525-H,490.3999938964844
a,UO5,V610-A,336.79998779296875
a,UO5,V610-H,521.4000244140625
a,UO5,V660-A,84.9000015258789
a,UO5,V660-H,226.10000610351562
a,UO5,V763-A,129.39999389648438
a,UO5,V763-H,340.3999938964844
a,UO5,B525-A,1518.199951171875
a,UO5,B525-H,1545.9000244140625
a,UO5,Time,188626.0
a,UR3,FSC-A,487046.90625
a,UR3,FSC-H,475686.8125
a,UR3,FSC-Width,1008.9816284179688
a,UR3,SSC-A,188208.09375
a,UR3,SSC-H,170992.0
a,UR3,B610-A,1062.800048828125
a,UR3,B610-H,1099.4000244140625
a,UR3,B690-A,180.8000030517578
a,UR3,B690-H,284.20001220703125
a,UR3,Y585-A,1363.5999755859375
a,UR3,Y585-H,1837.4000244140625
a,UR3,Y610-A,42.70000076293945
a,UR3,Y610-H,357.3999938964844
a,UR3,Y675-A,39.599998474121094
a,UR3,Y675-H,247.6999969482422
a,UR3,Y710-A,34.099998474121094
a,UR3,Y710-H,242.6999969482422
a,UR3,Y763-A,25.799999237060547
a,UR3,Y763-H,238.60000610351562
a,UR3,R660-A,31.200000762939453
a,UR3,R660-H,235.5
a,UR3,R712-A,40.099998474121094
a,UR3,R712-H,235.6999969482422
a,UR3,R763-A,5.099999904632568
a,UR3,R763-H,404.3999938964844
a,UR3,V450-A,1271.4000244140625
a,UR3,V450-H,1657.699951171875
a,UR3,V525-A,313.3999938964844
a,UR3,V525-H,490.3999938964844
a,UR3,V610-A,336.79998779296875
a,UR3,V610-H,521.4000244140625
a,UR3,V660-A,84.9000015258789
a,UR3,V660-H,226.10000610351562
a,UR3,V763-A,129.39999389648438
a,UR3,V763-H,340.3999938964844
a,UR3,B525-A,1518.199951171875
a,UR3,B525-H,1545.9000244140625
a,UR3,Time,188626.0
a,UT2,FSC-A,487046.90625
a,UT2,FSC-H,475686.8125
a,UT2,FSC-Width,1008.9816284179688
a,UT2,SSC-A,188208.09375
a,UT2,SSC-H,170992.0
a,UT2,B610-A,1062.800048828125
a,UT2,B610-H,1099.4000244140625
a,UT2,B690-A,180.8000030517578
a,UT2,B690-H,284.20001220703125
a,UT2,Y585-A,1363.5999755859375
a,UT2,Y585-H,1837.4000244140625
a,UT2,Y610-A,42.70000076293945
a,UT2,Y610-H,357.3999938964844
a,UT2,Y675-A,39.599998474121094
a,UT2,Y675-H,247.6999969482422
a,UT2,Y710-A,34.099998474121094
a,UT2,Y710-H,242.6999969482422
a,UT2,Y763-A,25.799999237060547
a,UT2,Y763-H,238.60000610351562
a,UT2,R660-A,31.200000762939453
a,UT2,R660-H,235.5
a,UT2,R712-A,40.099998474121094
a,UT2,R712-H,235.6999969482422
a,UT2,R763-A,5.099999904632568
a,UT2,R763-H,404.3999938964844
a,UT2,V450-A,1271.4000244140625
a,UT2,V450-H,1657.699951171875
a,UT2,V525-A,313.3999938964844
a,UT2,V525-H,490.3999938964844
a,UT2,V610-A,336.79998779296875
a,UT2,V610-H,521.4000244140625
a,UT2,V660-A,84.9000015258789
a,UT2,V660-H,226.10000610351562
a,UT2,V763-A,129.39999389648438
a,UT2,V763-H,340.3999938964844
a,UT2,B525-A,1518.199951171875
a,UT2,B525-H,1545.9000244140625
a,UT2,Time,188626.0
a,UT3,FSC-A,487046.90625
a,UT3,FSC-H,475686.8125
a,UT3,FSC-Width,1008.9816284179688
a,UT3,SSC-A,188208.09375
a,UT3,SSC-H,170992.0
a,UT3,B610-A,1062.800048828125
a,UT3,B610-H,1099.4000244140625
a,UT3,B690-A,180.8000030517578
a,UT3,B690-H,284.20001220703125
a,UT3,Y585-A,1363.5999755859375
a,UT3,Y585-H,1837.4000244140625
a,UT3,Y610-A,42.70000076293945
a,UT3,Y610-H,357.3999938964844
a,UT3,Y675-A,39.599998474121094
a,UT3,Y675-H,247.6999969482422
a,UT3,Y710-A,34.099998474121094
a,UT3,Y710-H,242.6999969482422
a,UT3,Y763-A,25.799999237060547
a,UT3,Y763-H,238.60000610351562
a,UT3,R660-A,31.200000762939453
a,UT3,R660-H,235.5
a,UT3,R712-A,40.099998474121094
a,UT3,R712-H,235.6999969482422
a,UT3,R763-A,5.099999904632568
a,UT3,R763-H,404.3999938964844
a,UT3,V450-A,1271.4000244140625
a,UT3,V450-H,1657.699951171875
a,UT3,V525-A,313.3999938964844
a,UT3,V525-H,490.3999938964844
a,UT3,V610-A,336.79998779296875
a,UT3,V610-H,521.4000244140625
a,UT3,V660-A,84.9000015258789
a,UT3,V660-H,226.10000610351562
a,UT3,V763-A,129.39999389648438
a,UT3,V763-H,340.3999938964844
a,UT3,B525-A,1518.199951171875
a,UT3,B525-H,1545.9000244140625
a,UT3,Time,188626.0
a,UT5,FSC-A,487046.90625
a,UT5,FSC-H,475686.8125
a,UT5,FSC-Width,1008.9816284179688
a,UT5,SSC-A,188208.09375
a,UT5,SSC-H,170992.0
a,UT5,B610-A,1062.800048828125
a,UT5,B610-H,1099.4000244140625
a,UT5,B690-A,180.8000030517578
a,UT5,B690-H,284.20001220703125
a,UT5,Y585-A,1363.5999755859375
a,UT5,Y585-H,1837.4000244140625
a,UT5,Y610-A,42.70000076293945
a,UT5,Y610-H,357.3999938964844
a,UT5,Y675-A,39.599998474121094
a,UT5,Y675-H,247.6999969482422
a,UT5,Y710-A,34.099998474121094
a,UT5,Y710-H,242.6999969482422
a,UT5,Y763-A,25.799999237060547
a,UT5,Y763-H,238.60000610351562
a,UT5,R660-A,31.200000762939453
a,UT5,R660-H,235.5
a,UT5,R712-A,40.099998474121094
a,UT5,R712-H,235.6999969482422
a,UT5,R763-A,5.099999904632568
a,UT5,R763-H,404.3999938964844
a,UT5,V450-A,1271.4000244140625
a,UT5,V450-H,1657.699951171875
a,UT5,V525-A,313.3999938964844
a,UT5,V525-H,490.3999938964844
a,UT5,V610-A,336.79998779296875
a,UT5,V610-H,521.4000244140625
a,UT5,V660-A,84.9000015258789
a,UT5,V660-H,226.10000610351562
a,UT5,V763-A,129.39999389648438
a,UT5,V763-H,340.3999938964844
a,UT5,B525-A,1518.199951171875
a,UT5,B525-H,1545.9000244140625
a,UT5,Time,188626.0
b,UO4,FSC-A,653146.5
b,UO4,FSC-H,576131.625
b,UO4,FSC-Width,1075.2451171875
b,UO4,SSC-A,217559.5
b,UO4,SSC-H,202358.0
b,UO4,B610-A,1001.0999755859375
b,UO4,B610-H,1501.9000244140625
b,UO4,B690-A,200.60000610351562
b,UO4,B690-H,374.1000061035156
b,UO4,Y585-A,1753.300048828125
b,UO4,Y585-H,2690.60009765625
b,UO4,Y610-A,77.80000305175781
b,UO4,Y610-H,390.8999938964844
b,UO4,Y675-A,114.0
b,UO4,Y675-H,309.29998779296875
b,UO4,Y710-A,102.0
b,UO4,Y710-H,296.79998779296875
b,UO4,Y763-A,70.9000015258789
b,UO4,Y763-H,275.8999938964844
b,UO4,R660-A,486.79998779296875
b,UO4,R660-H,775.7999877929688
b,UO4,R712-A,503.0
b,UO4,R712-H,793.4000244140625
b,UO4,R763-A,28.5
b,UO4,R763-H,442.70001220703125
b,UO4,V450-A,885.4000244140625
b,UO4,V450-H,1755.699951171875
b,UO4,V525-A,225.3000030517578
b,UO4,V525-H,497.8999938964844
b,UO4,V610-A,270.1000061035156
b,UO4,V610-H,571.2000122070312
b,UO4,V660-A,96.4000015258789
b,UO4,V660-H,259.70001220703125
b,UO4,V763-A,184.89999389648438
b,UO4,V763-H,461.29998779296875
b,UO4,B525-A,1085.699951171875
b,UO4,B525-H,1635.4000244140625
b,UO4,Time,323044.0
b,UO6,FSC-A,653146.5
b,UO6,FSC-H,576131.625
b,UO6,FSC-Width,1075.2451171875
b,UO6,SSC-A,217559.5
b,UO6,SSC-H,202358.0
b,UO6,B610-A,1001.0999755859375
b,UO6,B610-H,1501.9000244140625
b,UO6,B690-A,200.60000610351562
b,UO6,B690-H,374.1000061035156
b,UO6,Y585-A,1753.300048828125
b,UO6,Y585-H,2690.60009765625
b,UO6,Y610-A,77.80000305175781
b,UO6,Y610-H,390.8999938964844
b,UO6,Y675-A,114.0
b,UO6,Y675-H,309.29998779296875
b,UO6,Y710-A,102.0
b,UO6,Y710-H,296.79998779296875
b,UO6,Y763-A,70.9000015258789
b,UO6,Y763-H,275.8999938964844
b,UO6,R660-A,486.79998779296875
b,UO6,R660-H,775.7999877929688
b,UO6,R712-A,503.0
b,UO6,R712-H,793.4000244140625
b,UO6,R763-A,28.5
b,UO6,R763-H,442.70001220703125
b,UO6,V450-A,885.4000244140625
b,UO6,V450-H,1755.699951171875
b,UO6,V525-A,225.3000030517578
b,UO6,V525-H,497.8999938964844
b,UO6,V610-A,270.1000061035156
b,UO6,V610-H,571.2000122070312
b,UO6,V660-A,96.4000015258789
b,UO6,V660-H,259.70001220703125
b,UO6,V763-A,184.89999389648438
b,UO6,V763-H,461.29998779296875
b,UO6,B525-A,1085.699951171875
b,UO6,B525-H,1635.4000244140625
b,UO6,Time,323044.0
b,UR4,FSC-A,653146.5
b,UR4,FSC-H,576131.625
b,UR4,FSC-Width,1075.2451171875
b,UR4,SSC-A,217559.5
b,UR4,SSC-H,202358.0
b,UR4,B610-A,1001.0999755859375
b,UR4,B610-H,1501.9000244140625
b,UR4,B690-A,200.60000610351562
b,UR4,B690-H,374.1000061035156
b,UR4,Y585-A,1753.300048828125
b,UR4,Y585-H,2690.60009765625
b,UR4,Y610-A,77.80000305175781
b,UR4,Y610-H,390.8999938964844
b,UR4,Y675-A,114.0
b,UR4,Y675-H,309.29998779296875
b,UR4,Y710-A,102.0
b,UR4,Y710-H,296.79998779296875
b,UR4,Y763-A,70.9000015258789
b,UR4,Y763-H,275.8999938964844
b,UR4,R660-A,486.79998779296875
b,UR4,R660-H,775.7999877929688
b,UR4,R712-A,503.0
b,UR4,R712-H,793.4000244140625
b,UR4,R763-A,28.5
b,UR4,R763-H,442.70001220703125
b,UR4,V450-A,885.4000244140625
b,UR4,V450-H,1755.699951171875
b,UR4,V525-A,225.3000030517578
b,UR4,V525-H,497.8999938964844
b,UR4,V610-A,270.1000061035156
b,UR4,V610-H,571.2000122070312
b,UR4,V660-A,96.4000015258789
b,UR4,V660-H,259.70001220703125
b,UR4,V763-A,184.89999389648438
b,UR4,V763-H,461.29998779296875
b,UR4,B525-A,1085.699951171875
b,UR4,B525-H,1635.4000244140625
b,UR4,Time,323044.0
b,UT4,FSC-A,653146.5
b,UT4,FSC-H,576131.625
b,UT4,FSC-Width,1075.2451171875
b,UT4,SSC-A,217559.5
b,UT4,SSC-H,202358.0
b,UT4,B610-A,1001.0999755859375
b,UT4,B610-H,1501.9000244140625
b,UT4,B690-A,200.60000610351562
b,UT4,B690-H,374.1000061035156
b,UT4,Y585-A,1753.300048828125
b,UT4,Y585-H,2690.60009765625
b,UT4,Y610-A,77.80000305175781
b,UT4,Y610-H,390.8999938964844
b,UT4,Y675-A,114.0
b,UT4,Y675-H,309.29998779296875
b,UT4,Y710-A,102.0
b,UT4,Y710-H,296.79998779296875
b,UT4,Y763-A,70.9000015258789
b,UT4,Y763-H,275.8999938964844
b,UT4,R660-A,486.79998779296875
b,UT4,R660-H,775.7999877929688
b,UT4,R712-A,503.0
b,UT4,R712-H,793.4000244140625
b,UT4,R763-A,28.5
b,UT4,R763-H,442.70001220703125
b,UT4,V450-A,885.4000244140625
b,UT4,V450-H,1755.699951171875
b,UT4,V525-A,225.3000030517578
b,UT4,V525-H,497.8999938964844
b,UT4,V610-A,270.1000061035156
b,UT4,V610-H,571.2000122070312
b,UT4,V660-A,96.4000015258789
b,UT4,V660-H,259.70001220703125
b,UT4,V763-A,184.89999389648438
b,UT4,V763-H,461.29998779296875
b,UT4,B525-A,1085.699951171875
b,UT4,B525-H,1635.4000244140625
b,UT4,Time,323044.0
b,UT6,FSC-A,653146.5
b,UT6,FSC-H,576131.625
b,UT6,FSC-Width,1075.2451171875
b,UT6,SSC-A,217559.5
b,UT6,SSC-H,202358.0
b,UT6,B610-A,1001.0999755859375
b,UT6,B610-H,1501.9000244140625
b,UT6,B690-A,200.60000610351562
b,UT6,B690-H,374.1000061035156
b,UT6,Y585-A,1753.300048828125
b,UT6,Y585-H,2690.60009765625
b,UT6,Y610-A,77.80000305175781
b,UT6,Y610-H,390.8999938964844
b,UT6,Y675-A,114.0
b,UT6,Y675-H,309.29998779296875
b,UT6,Y710-A,102.0
b,UT6,Y710-H,296.79998779296875
b,UT6,Y763-A,70.9000015258789
b,UT6,Y763-H,275.8999938964844
b,UT6,R660-A,486.79998779296875
b,UT6,R660-H,775.7999877929688
b,UT6,R712-A,503.0
b,UT6,R712-H,793.4000244140625
b,UT6,R763-A,28.5
b,UT6,R763-H,442.70001220703125
b,UT6,V450-A,885.4000244140625
b,UT6,V450-H,1755.699951171875
b,UT6,V525-A,225.3000030517578
b,UT6,V525-H,497.8999938964844
b,UT6,V610-A,270.1000061035156
b,UT6,V610-H,571.2000122070312
b,UT6,V660-A,96.4000015258789
b,UT6,V660-H,259.70001220703125
b,UT6,V763-A,184.89999389648438
b,UT6,V763-H,461.29998779296875
b,UT6,B525-A,1085.699951171875
b,UT6,B525-H,1635.4000244140625
b,UT6,Time,323044.0
c,UO2,FSC-H,531297.5
c,UO2,FSC-A,545909.625
c,UO2,SSC-H,182490.84375
c,UO2,SSC-A,202520.75
c,UO2,B525-H,1655.9000244140625
c,UO2,B525-A,1258.4000244140625
c,UO2,B610-H,1150.0
c,UO2,B610-A,862.0999755859375
c,UO2,B690-H,275.8999938964844
c,UO2,B690-A,133.5
c,UO2,Y585-H,1691.0
c,UO2,Y585-A,999.0999755859375
c,UO2,Y610-H,363.1000061035156
c,UO2,Y610-A,31.200000762939453
c,UO2,Y675-H,251.5
c,UO2,Y675-A,34.599998474121094
c,UO2,Y710-H,245.10000610351562
c,UO2,Y710-A,29.0
c,UO2,Y763-H,242.39999389648438
c,UO2,Y763-A,20.5
c,UO2,R660-H,258.8999938964844
c,UO2,R660-A,59.400001525878906
c,UO2,R712-H,256.1000061035156
c,UO2,R712-A,63.599998474121094
c,UO2,R763-H,418.5
c,UO2,R763-A,6.099999904632568
c,UO2,V450-H,1121.699951171875
c,UO2,V450-A,738.5999755859375
c,UO2,V525-H,431.5
c,UO2,V525-A,232.39999389648438
c,UO2,V610-H,491.5
c,UO2,V610-A,276.70001220703125
c,UO2,V660-H,221.5
c,UO2,V660-A,70.0999984741211
c,UO2,V763-H,318.8999938964844
c,UO2,V763-A,102.5
c,UO2,FSC-Width,1012.9667358398438
c,UO2,Time,9745758.0
c,UR1,FSC-H,531297.5
c,UR1,FSC-A,545909.625
c,UR1,SSC-H,182490.84375
c,UR1,SSC-A,202520.75
c,UR1,B525-H,1655.9000244140625
c,UR1,B525-A,1258.4000244140625
c,UR1,B610-H,1150.0
c,UR1,B610-A,862.0999755859375
c,UR1,B690-H,275.8999938964844
c,UR1,B690-A,133.5
c,UR1,Y585-H,1691.0
c,UR1,Y585-A,999.0999755859375
c,UR1,Y610-H,363.1000061035156
c,UR1,Y610-A,31.200000762939453
c,UR1,Y675-H,251.5
c,UR1,Y675-A,34.599998474121094
c,UR1,Y710-H,245.10000610351562
c,UR1,Y710-A,29.0
c,UR1,Y763-H,242.39999389648438
c,UR1,Y763-A,20.5
c,UR1,R660-H,258.8999938964844
c,UR1,R660-A,59.400001525878906
c,UR1,R712-H,256.1000061035156
c,UR1,R712-A,63.599998474121094
c,UR1,R763-H,418.5
c,UR1,R763-A,6.099999904632568
c,UR1,V450-H,1121.699951171875
c,UR1,V450-A,738.5999755859375
c,UR1,V525-H,431.5
c,UR1,V525-A,232.39999389648438
c,UR1,V610-H,491.5
c,UR1,V610-A,276.70001220703125
c,UR1,V660-H,221.5
c,UR1,V660-A,70.0999984741211
c,UR1,V763-H,318.8999938964844
c,UR1,V763-A,102.5
c,UR1,FSC-Width,1012.9667358398438
c,UR1,Time,9745758.0
c,UR2,FSC-H,531297.5
c,UR2,FSC-A,545909.625
c,UR2,SSC-H,182490.84375
c,UR2,SSC-A,202520.75
c,UR2,B525-H,1655.9000244140625
c,UR2,B525-A,1258.4000244140625
c,UR2,B610-H,1150.0
c,UR2,B610-A,862.0999755859375
c,UR2,B690-H,275.8999938964844
c,UR2,B690-A,133.5
c,UR2,Y585-H,1691.0
c,UR2,Y585-A,999.0999755859375
c,UR2,Y610-H,363.1000061035156
c,UR2,Y610-A,31.200000762939453
c,UR2,Y675-H,251.5
c,UR2,Y675-A,34.599998474121094
c,UR2,Y710-H,245.10000610351562
c,UR2,Y710-A,29.0
c,UR2,Y763-H,242.39999389648438
c,UR2,Y763-A,20.5
c,UR2,R660-H,258.8999938964844
c,UR2,R660-A,59.400001525878906
c,UR2,R712-H,256.1000061035156
c,UR2,R712-A,63.599998474121094
c,UR2,R763-H,418.5
c,UR2,R763-A,6.099999904632568
c,UR2,V450-H,1121.699951171875
c,UR2,V450-A,738.5999755859375
c,UR2,V525-H,431.5
c,UR2,V525-A,232.39999389648438
c,UR2,V610-H,491.5
c,UR2,V610-A,276.70001220703125
c,UR2,V660-H,221.5
c,UR2,V660-A,70.0999984741211
c,UR2,V763-H,318.8999938964844
c,UR2,V763-A,102.5
c,UR2,FSC-Width,1012.9667358398438
c,UR2,Time,9745758.0
c,UR5,FSC-H,531297.5
c,UR5,FSC-A,545909.625
c,UR5,SSC-H,182490.84375
c,UR5,SSC-A,202520.75
c,UR5,B525-H,1655.9000244140625
c,UR5,B525-A,1258.4000244140625
c,UR5,B610-H,1150.0
c,UR5,B610-A,862.0999755859375
c,UR5,B690-H,275.8999938964844
c,UR5,B690-A,133.5
c,UR5,Y585-H,1691.0
c,UR5,Y585-A,999.0999755859375
c,UR5,Y610-H,363.1000061035156
c,UR5,Y610-A,31.200000762939453
c,UR5,Y675-H,251.5
c,UR5,Y675-A,34.599998474121094
c,UR5,Y710-H,245.10000610351562
c,UR5,Y710-A,29.0
c,UR5,Y763-H,242.39999389648438
c,UR5,Y763-A,20.5
c,UR5,R660-H,258.8999938964844
c,UR5,R660-A,59.400001525878906
c,UR5,R712-H,256.1000061035156
c,UR5,R712-A,63.599998474121094
c,UR5,R763-H,418.5
c,UR5,R763-A,6.099999904632568
c,UR5,V450-H,1121.699951171875
c,UR5,V450-A,738.5999755859375
c,UR5,V525-H,431.5
c,UR5,V525-A,232.39999389648438
c,UR5,V610-H,491.5
c,UR5,V610-A,276.70001220703125
c,UR5,V660-H,221.5
c,UR5,V660-A,70.0999984741211
c,UR5,V763-H,318.8999938964844
c,UR5,V763-A,102.5
c,UR5,FSC-Width,1012.9667358398438
c,UR5,Time,9745758.0
c,US1,FSC-H,531297.5
c,US1,FSC-A,545909.625
c,US1,SSC-H,182490.84375
c,US1,SSC-A,202520.75
c,US1,B525-H,1655.9000244140625
c,US1,B525-A,1258.4000244140625
c,US1,B610-H,1150.0
c,US1,B610-A,862.0999755859375
c,US1,B690-H,275.8999938964844
c,US1,B690-A,133.5
c,US1,Y585-H,1691.0
c,US1,Y585-A,999.0999755859375
c,US1,Y610-H,363.1000061035156
c,US1,Y610-A,31.200000762939453
c,US1,Y675-H,251.5
c,US1,Y675-A,34.599998474121094
c,US1,Y710-H,245.10000610351562
c,US1,Y710-A,29.0
c,US1,Y763-H,242.39999389648438
c,US1,Y763-A,20.5
c,US1,R660-H,258.8999938964844
c,US1,R660-A,59.400001525878906
c,US1,R712-H,256.1000061035156
c,US1,R712-A,63.599998474121094
c,US1,R763-H,418.5
c,US1,R763-A,6.099999904632568
c,US1,V450-H,1121.699951171875
c,US1,V450-A,738.5999755859375
c,US1,V525-H,431.5
c,US1,V525-A,232.39999389648438
c,US1,V610-H,491.5
c,US1,V610-A,276.70001220703125
c,US1,V660-H,221.5
c,US1,V660-A,70.0999984741211
c,US1,V763-H,318.8999938964844
c,US1,V763-A,102.5
c,US1,FSC-Width,1012.9667358398438
c,US1,Time,9745758.0
c,US2,FSC-H,531297.5
c,US2,FSC-A,545909.625
c,US2,SSC-H,182490.84375
c,US2,SSC-A,202520.75
c,US2,B525-H,1655.9000244140625
c,US2,B525-A,1258.4000244140625
c,US2,B610-H,1150.0
c,US2,B610-A,862.0999755859375
c,US2,B690-H,275.8999938964844
c,US2,B690-A,133.5
c,US2,Y585-H,1691.0
c,US2,Y585-A,999.0999755859375
c,US2,Y610-H,363.1000061035156
c,US2,Y610-A,31.200000762939453
c,US2,Y675-H,251.5
c,US2,Y675-A,34.599998474121094
c,US2,Y710-H,245.10000610351562
c,US2,Y710-A,29.0
c,US2,Y763-H,242.39999389648438
c,US2,Y763-A,20.5
c,US2,R660-H,258.8999938964844
c,US2,R660-A,59.400001525878906
c,US2,R712-H,256.1000061035156
c,US2,R712-A,63.599998474121094
c,US2,R763-H,418.5
c,US2,R763-A,6.099999904632568
c,US2,V450-H,1121.699951171875
c,US2,V450-A,738.5999755859375
c,US2,V525-H,431.5
c,US2,V525-A,232.39999389648438
c,US2,V610-H,491.5
c,US2,V610-A,276.70001220703125
c,US2,V660-H,221.5
c,US2,V660-A,70.0999984741211
c,US2,V763-H,318.8999938964844
c,US2,V763-A,102.5
c,US2,FSC-Width,1012.9667358398438
c,US2,Time,9745758.0
c,UT1,FSC-H,531297.5
c,UT1,FSC-A,545909.625
c,UT1,SSC-H,182490.84375
c,UT1,SSC-A,202520.75
c,UT1,B525-H,1655.9000244140625
c,UT1,B525-A,1258.4000244140625
c,UT1,B610-H,1150.0
c,UT1,B610-A,862.0999755859375
c,UT1,B690-H,275.8999938964844
c,UT1,B690-A,133.5
c,UT1,Y585-H,1691.0
c,UT1,Y585-A,999.0999755859375
c,UT1,Y610-H,363.1000061035156
c,UT1,Y610-A,31.200000762939453
c,UT1,Y675-H,251.5
c,UT1,Y675-A,34.599998474121094
c,UT1,Y710-H,245.10000610351562
c,UT1,Y710-A,29.0
c,UT1,Y763-H,242.39999389648438
c,UT1,Y763-A,20.5
c,UT1,R660-H,258.8999938964844
c,UT1,R660-A,59.400001525878906
c,UT1,R712-H,256.1000061035156
c,UT1,R712-A,63.599998474121094
c,UT1,R763-H,418.5
c,UT1,R763-A,6.099999904632568
c,UT1,V450-H,1121.699951171875
c,UT1,V450-A,738.5999755859375
c,UT1,V525-H,431.5
c,UT1,V525-A,232.39999389648438
c,UT1,V610-H,491.5
c,UT1,V610-A,276.70001220703125
c,UT1,V660-H,221.5
c,UT1,V660-A,70.0999984741211
c,UT1,V763-H,318.8999938964844
c,UT1,V763-A,102.5
c,UT1,FSC-Width,1012.9667358398438
c,UT1,Time,9745758.0
c,UT7,FSC-H,531297.5
c,UT7,FSC-A,545909.625
c,UT7,SSC-H,182490.84375
c,UT7,SSC-A,202520.75
c,UT7,B525-H,1655.9000244140625
c,UT7,B525-A,1258.4000244140625
c,UT7,B610-H,1150.0
c,UT7,B610-A,862.0999755859375
c,UT7,B690-H,275.8999938964844
c,UT7,B690-A,133.5
c,UT7,Y585-H,1691.0
c,UT7,Y585-A,999.0999755859375
c,UT7,Y610-H,363.1000061035156
c,UT7,Y610-A,31.200000762939453
c,UT7,Y675-H,251.5
c,UT7,Y675-A,34.599998474121094
c,UT7,Y710-H,245.10000610351562
c,UT7,Y710-A,29.0
c,UT7,Y763-H,242.39999389648438
c,UT7,Y763-A,20.5
c,UT7,R660-H,258.8999938964844
c,UT7,R660-A,59.400001525878906
c,UT7,R712-H,256.1000061035156
c,UT7,R712-A,63.599998474121094
c,UT7,R763-H,418.5
c,UT7,R763-A,6.099999904632568
c,UT7,V450-H,1121.699951171875
c,UT7,V450-A,738.5999755859375
c,UT7,V525-H,431.5
c,UT7,V525-A,232.39999389648438
c,UT7,V610-H,491.5
c,UT7,V610-A,276.70001220703125
c,UT7,V660-H,221.5
c,UT7,V660-A,70.0999984741211
c,UT7,V763-H,318.8999938964844
c,UT7,V763-A,102.5
c,UT7,FSC-Width,1012.9667358398438
c,UT7,Time,9745758.0
d,UR6,FSC-H,586399.625
d,UR6,FSC-A,602143.8125
d,UR6,SSC-H,242917.75
d,UR6,SSC-A,266164.0625
d,UR6,B525-H,2211.949951171875
d,UR6,B525-A,2183.64990234375
d,UR6,B610-H,1503.5999755859375
d,UR6,B610-A,1436.550048828125
d,UR6,B690-H,350.3999938964844
d,UR6,B690-A,255.5
d,UR6,Y585-H,2337.39990234375
d,UR6,Y585-A,2186.35009765625
d,UR6,Y610-H,394.1000061035156
d,UR6,Y610-A,120.9000015258789
d,UR6,Y675-H,340.54998779296875
d,UR6,Y675-A,212.0
d,UR6,Y710-H,318.70001220703125
d,UR6,Y710-A,183.89999389648438
d,UR6,Y763-H,280.5
d,UR6,Y763-A,112.9000015258789
d,UR6,R660-H,1625.800048828125
d,UR6,R660-A,1607.0999755859375
d,UR6,R712-H,1604.5999755859375
d,UR6,R712-A,1597.35009765625
d,UR6,R763-H,446.0
d,UR6,R763-A,77.30000305175781
d,UR6,V450-H,1441.5999755859375
d,UR6,V450-A,1198.5
d,UR6,V525-H,493.5
d,UR6,V525-A,349.29998779296875
d,UR6,V610-H,605.0
d,UR6,V610-A,453.3999938964844
d,UR6,V660-H,268.8999938964844
d,UR6,V660-A,155.10000610351562
d,UR6,V763-H,453.70001220703125
d,UR6,V763-A,300.25
d,UR6,FSC-Width,1022.85546875
d,UR6,Time,195269.0
d,US6,FSC-H,586399.625
d,US6,FSC-A,602143.8125
d,US6,SSC-H,242917.75
d,US6,SSC-A,266164.0625
d,US6,B525-H,2211.949951171875
d,US6,B525-A,2183.64990234375
d,US6,B610-H,1503.5999755859375
d,US6,B610-A,1436.550048828125
d,US6,B690-H,350.3999938964844
d,US6,B690-A,255.5
d,US6,Y585-H,2337.39990234375
d,US6,Y585-A,2186.35009765625
d,US6,Y610-H,394.1000061035156
d,US6,Y610-A,120.9000015258789
d,US6,Y675-H,340.54998779296875
d,US6,Y675-A,212.0
d,US6,Y710-H,318.70001220703125
d,US6,Y710-A,183.89999389648438
d,US6,Y763-H,280.5
d,US6,Y763-A,112.9000015258789
d,US6,R660-H,1625.800048828125
d,US6,R660-A,1607.0999755859375
d,US6,R712-H,1604.5999755859375
d,US6,R712-A,1597.35009765625
d,US6,R763-H,446.0
d,US6,R763-A,77.30000305175781
d,US6,V450-H,1441.5999755859375
d,US6,V450-A,1198.5
d,US6,V525-H,493.5
d,US6,V525-A,349.29998779296875
d,US6,V610-H,605.0
d,US6,V610-A,453.3999938964844
d,US6,V660-H,268.8999938964844
d,US6,V660-A,155.10000610351562
d,US6,V763-H,453.70001220703125
d,US6,V763-A,300.25
d,US6,FSC-Width,1022.85546875
d,US6,Time,195269.0
